first_name,last_name,job_title,department,email,address,phone_number,salary,password
Michael,White,"Engineer, electronics",Customer Support,stevenolson@example.net,"0860 Justin Rapid, East Rebecca, DC 56470",502-271-4765x19462,45317,BpwhISd2
Julie,Salazar,Actuary,IT,natasha19@example.net,"607 Baker Stravenue, Ryanhaven, MT 81767",001-731-764-8838x4508,84907,LaCRk2Mp
Mary,Johnson,Horticultural consultant,Customer Support,hornejames@example.org,"USNS Rosales, FPO AA 53865",392-542-9101,72931,H79ErTLj
Jason,Frost,Technical sales engineer,Sales,rebeccajordan@example.com,"84644 Mosley Mountains Suite 853, New Nicholas, DC 69743",4032622827,101892,7nnMgflT
Alyssa,Garza,Charity fundraiser,Finance,uobrien@example.com,"2139 Little Via, Lake Howard, NM 13315",+1-520-525-1796x4809,104629,MvXYQldo
Lynn,Allen,"Radiographer, therapeutic",Sales,walshdustin@example.org,"2541 Ryan Spurs, New Cheyenneport, AZ 78883",+1-531-433-9766x1143,75472,uxDtI92B
Patricia,Sullivan,Hydrologist,Customer Support,colecorey@example.org,"006 Nathan Common, West Matthewville, NJ 19994",(602)397-1147x14778,50474,oVNhLbRz
Cynthia,Smith,"Programme researcher, broadcasting/film/video",Human Resources,williamsheather@example.net,"98018 Gina Mountain, West Christine, AK 48569",9738484753,77433,Wj6YKvCV
Anthony,Sullivan,Call centre manager,Marketing,zhangsandy@example.net,"USCGC Brooks, FPO AE 28839",394-272-4695x5863,84814,t3lxwObX
Francisco,Hooper,Physiological scientist,Customer Support,srasmussen@example.com,"542 Austin Fields, New Monica, AS 36981",407.375.9225x9741,70216,1nYgqalQ
Lauren,Smith,"Designer, furniture",Customer Support,alisonberger@example.com,"896 Jackson Mill, South Ronaldtown, NE 77961",+1-638-212-6989,103022,Q1QA59Cq
Matthew,Sanchez,Television floor manager,Customer Support,davidscott@example.org,"729 Hall Spring, Simmonsshire, AR 39688",+1-201-693-9057x62184,77185,K4RGuB9P
Brandon,Rice,"Journalist, broadcasting",Sales,jacksonrobert@example.com,"7559 Kenneth Junctions, Lake Meganfort, SD 11972",955-204-6444,94820,bamgiPrS
Benjamin,Hudson,Operational investment banker,Marketing,michele78@example.com,"0443 Anthony Estate, Gibsonmouth, CT 73381",526-893-8346,47049,zkaeBxrI
Katherine,Simpson,Estate manager/land agent,IT,zclarke@example.com,"647 Michelle Highway Apt. 232, North Michaelmouth, TX 83600",353.635.5265x3697,59619,ce8OaSrv
Brooke,Wood,"Horticulturist, commercial",Customer Support,willisstacey@example.net,"5358 Thomas Brooks Apt. 397, New Cindystad, MD 34412",5722873426,100296,lZSReMkh
Jackie,Hale,Engineering geologist,IT,christopher24@example.com,"555 Daniels Extensions Apt. 188, Port Anthonyhaven, ND 44790",893-593-6760x10142,87917,RH2R12Ql
Aaron,Brown,Actuary,Marketing,laurastewart@example.org,"284 Harris Inlet Suite 302, Millerside, SC 17094",(389)321-6838x238,76460,zjuOyXkN
Andrew,Ross,Operational researcher,Human Resources,barryharris@example.org,"18530 Tiffany Ramp Suite 460, Pattonborough, WA 29335",001-644-728-0236x46106,80686,LamTmPdX
Laura,Brown,Financial manager,Engineering,raymond45@example.org,"08651 Lindsay Plains Apt. 289, Kristenburgh, WI 08753",668-968-9890x6870,109107,QCQcTY7A
Kimberly,Campbell,Advertising account planner,IT,loricooper@example.org,"PSC 4318, Box 1589, APO AE 77524",490.701.8274,82906,CKmzsTBb
Matthew,Allen,Financial planner,Human Resources,aaron24@example.net,"531 Jeffrey Green Apt. 663, Higginsfurt, FL 83717",746-316-5778x43890,80806,2rfzj8zE
Sharon,Jenkins,Housing manager/officer,Marketing,nathanshields@example.net,"USS Mcgee, FPO AE 40948",526-328-6292,35912,OC6Knz3m
Travis,Harris,Learning mentor,Marketing,chenerin@example.net,"6584 Kevin Light Apt. 845, East Davidview, FM 13650",560.995.6769,102380,qFfE6y9n
Michael,Avila,Television/film/video producer,Human Resources,oglass@example.net,"8174 Hall Ridges Apt. 495, New Johnchester, VT 77059",(717)958-9540x75909,59595,4h23cfCQ
Carlos,Mayer,Aeronautical engineer,Marketing,lori57@example.com,"24112 Brian Streets, West Josephfurt, WA 89066",747-348-8782,45744,2LeP4HVI
Sandra,Johnson,Land,IT,debbieryan@example.net,"04482 Laura Light, Lake Jessicaberg, WY 13939",(896)448-0167x9421,77702,iccGG35k
Jonathan,Torres,Occupational psychologist,Sales,joseph95@example.net,"USS Cardenas, FPO AE 27646",(785)713-5556x95112,104835,8opYUjb7
Dana,Anderson,"Secretary, company",Finance,howardsandra@example.com,"61285 Wright Ramp Apt. 819, West Troy, RI 31122",001-718-789-1075,31241,gotp5KEm
Hector,Ramos,"Designer, graphic",Customer Support,rlewis@example.org,"1469 Mark Drive Apt. 620, West Joel, NY 00695",418-251-2773,75318,K4t8A1VG
Karen,Hernandez,Manufacturing systems engineer,Marketing,boyeranthony@example.org,"35339 Andrew Turnpike Suite 569, Bradleytown, MT 05674",858-276-0686x87633,44769,1ccxE1hI
James,James,"Scientist, forensic",Finance,katie46@example.com,"85768 Davis Gateway Suite 924, West Jacob, NJ 45319",353.906.2482x13199,38600,2LqzQSEi
Pamela,Bennett,Solicitor,Sales,jacksonthomas@example.com,"30517 Elizabeth Courts Suite 673, Sabrinaberg, VI 68302",(642)463-4814x806,95070,kQSJQKBu
Karen,Blair,Horticultural consultant,Finance,sharpjohn@example.org,"6711 Andrew Cliff Apt. 983, Josephchester, SC 22929",(292)900-4249,41457,mjDSZfbh
Michelle,Fitzpatrick,Dramatherapist,Sales,ejimenez@example.org,"1742 Allison View, East Carriemouth, WY 04191",+1-306-288-9349,116638,k34Eec7w
Derek,Nelson,Neurosurgeon,Marketing,millerkelsey@example.com,"77479 Cole Lodge Suite 230, New Dawnborough, VA 43056",+1-936-754-4942x918,55614,hcbrqr3Y
Troy,Sandoval,Child psychotherapist,IT,uashley@example.net,"39027 Lewis Islands, East Erinfort, OH 93248",635-354-4799x492,81566,ZXA6oR7I
April,Martinez,Trade union research officer,Sales,gsullivan@example.org,"32384 John Landing Apt. 013, South Jessica, NY 97351",001-850-778-6315,62592,th3tlmNb
James,Mcbride,"Accountant, chartered",Human Resources,gjohnson@example.org,"79102 Nancy Turnpike, Lake Johnmouth, MA 05108",836.993.7037x03274,103162,ILZAsbpW
Diana,Schroeder,Contractor,Engineering,sharon05@example.com,"4831 Mark Island, Lake Renee, NC 57051",7244713169,43959,m0G98jT8
Alejandro,Lloyd,Management consultant,Engineering,grichardson@example.com,"646 Michael Place, Wileyside, NC 71858",637.220.4389x61330,44827,gDr5UUq8
Jose,Espinoza,Mudlogger,Human Resources,michaela90@example.net,"26633 Gray Lodge Suite 521, Pearsonborough, RI 36700",(626)356-5490,90054,mbuYBdEX
Joanna,Guzman,"Engineer, structural",Finance,roblesmark@example.com,"PSC 0271, Box 7976, APO AP 27591",(793)466-8964x1651,55341,PAgihNBp
Dennis,Grant,Computer games developer,Marketing,xschroeder@example.org,"493 Diana Groves Apt. 473, Carrieport, MN 69708",341.877.7565,58997,81gYD5gk
Thomas,Stephens,"Development worker, community",Human Resources,toddsutton@example.org,"34232 Dylan Turnpike, East Charlesfort, MA 92290",+1-942-304-1490x32738,83580,4lHEZaW4
David,Estrada,"Engineer, technical sales",Customer Support,villegascharles@example.org,"655 Lisa Avenue, West Todd, AR 11674",001-389-959-7922x7787,91682,jEVqY4cn
James,Bruce,"Geologist, wellsite",Engineering,nixonstephanie@example.net,"4342 Brian Mall, South Davidland, AL 94050",6096350941,77092,lZ52pZ1G
Erica,Robinson,"Designer, television/film set",IT,medinadenise@example.org,"871 Mayo Place, Gonzalezton, TN 81744",882.565.7814x457,69098,4QorXZz6
Trevor,Love,"Surveyor, building",Finance,jprice@example.com,"USCGC Perez, FPO AA 54099",(648)344-7072x750,116150,yi4k29hn
Candice,Nelson,Meteorologist,Engineering,stephen62@example.net,"47214 Christina Lodge Apt. 089, Port Nathanhaven, NM 73513",500-722-7585x03086,34043,TRAiriSA
Michael,Harris,Futures trader,Customer Support,cindy97@example.org,"69527 Kevin Views Suite 984, Lake Madisonmouth, NH 43733",001-973-244-8176x34258,64590,UIUvi8pn
Jasmine,Bryant,Sports development officer,Marketing,ohayes@example.net,"910 Marks Ridges Apt. 799, South Alisonburgh, DE 92043",(766)740-7424x31020,103312,GmD68bgb
Brittany,Le,Counsellor,Finance,jamesashley@example.org,"2717 Lauren Fields Apt. 641, West Jennifer, DE 51250",001-767-562-4971x7421,108978,48HPIXr5
Ashley,Brock,Ergonomist,Human Resources,mckenziedavid@example.org,"4261 Angel Stream Apt. 189, East Louisburgh, DC 44931",397.312.4212x594,51079,cxAQkgFr
Richard,Pugh,Insurance broker,IT,mcdanielcody@example.org,"29156 Leach Tunnel, New Thomas, CT 82058",(510)242-7801x9982,97122,5FG9npoL
Michael,Harris,Hotel manager,IT,xmartinez@example.net,"USNV Guerra, FPO AE 35134",678-876-6701x56348,33357,Og71nV5q
Jeffrey,Jones,"Geologist, wellsite",Sales,reedandrew@example.org,"2498 Bowman Lane Apt. 389, Perezburgh, GA 69119",262.815.3809x31692,48052,jC0ZDh2k
Rhonda,Winters,"Administrator, sports",IT,gary59@example.com,"824 Kenneth Islands, Lake Danafort, TN 57904",001-710-859-8232x269,72781,YNA4fbJR
Monica,White,Geochemist,IT,keithbaker@example.org,"667 Wolfe Route Apt. 020, Lindsayfurt, ND 63336",964-800-5309,67848,orDW4ovF
Michael,Ray,Speech and language therapist,Marketing,hdavis@example.net,"7493 Sanders Road, North Jefferyborough, MD 71387",001-201-331-9003,39692,Bmfg7Bpp
Tamara,Lee,Investment analyst,Human Resources,nmiddleton@example.org,"PSC 8373, Box 2432, APO AE 55847",964-286-8517,105269,CIfS0XG5
Jessica,Allen,Teaching laboratory technician,Engineering,harrisstephanie@example.org,"0047 Faulkner Gardens Suite 383, South Audrey, AZ 29361",513.762.1300x203,63325,AuWGSAlc
James,Kent,Passenger transport manager,Human Resources,inichols@example.org,"469 Guzman Tunnel Suite 989, Port Matthew, GA 85648",(993)226-3500,55269,7L8EthFI
Jeff,Cook,Actuary,IT,mollyadams@example.com,"59186 Stephen Ford Suite 519, Janetchester, MO 38058",+1-965-354-9358,48923,tct8fvXT
Yolanda,Jones,Holiday representative,Engineering,qhudson@example.net,"763 Frederick Court, South Jack, MD 74024",656.442.4774,44106,T6xkxRUQ
Robert,Barrera,Games developer,Customer Support,marcuswatson@example.com,"87356 Carson Shores Apt. 587, Danielborough, VT 06458",(918)572-1830x4247,36525,mqkzLeSK
Arthur,Smith,Computer games developer,Engineering,jonathan30@example.net,"6536 Ryan Club Apt. 121, Sethville, TX 60662",+1-796-228-2239,63775,10VCRGO3
Lisa,King,Television/film/video producer,IT,rachelgarcia@example.org,"USS Huff, FPO AA 70910",581.381.2500,55749,Vv3Zk44e
Dawn,Benson,Higher education careers adviser,Human Resources,fhall@example.org,"866 Jones Ports Suite 764, Gordonfurt, TX 86617",975.968.6872x7985,52820,5Ho0xhmz
Destiny,Deleon,Special effects artist,Human Resources,randolphchristopher@example.org,"PSC 0919, Box 3728, APO AP 84403",967.409.9053,71418,3ETPVA7r
Andrea,Blackwell,Furniture designer,Sales,douglas84@example.com,"60875 Robert Overpass Apt. 454, New Elizabethberg, NE 51065",+1-657-849-2035x3367,57528,2qbgo4ta
Nicole,Evans,Commercial art gallery manager,Engineering,fosterderrick@example.net,"2697 Marquez Heights Suite 572, Ericborough, IA 21427",700.611.9906x140,115058,xyaq5vkz
Sharon,Johnson,Chief Executive Officer,IT,raytodd@example.net,"752 Coleman Mall Apt. 161, North Kenneth, IN 57779",+1-698-767-1464,73537,W9MQajw3
Daniel,Haley,"Accountant, chartered public finance",Human Resources,rparker@example.com,"498 Donald Harbors Suite 653, Sharpville, HI 75778",850.591.5002x377,41390,6Tdvv1xi
Charles,Roman,Risk manager,IT,lisaramos@example.com,"0832 Salinas Extensions, North Codymouth, NC 48039",519-871-8293x7399,116106,dncf0oY3
Lisa,Johnson,Agricultural engineer,Human Resources,zevans@example.net,"PSC 4718, Box 1792, APO AE 42979",325.270.4112x160,55480,3JctUeLs
Ronald,White,Health and safety adviser,Customer Support,ruizvanessa@example.org,"USNV Page, FPO AE 40522",691.838.9779x175,68878,7vVRnd9O
Tony,Bell,"Engineer, energy",Engineering,simonjacob@example.org,"21859 Rogers Tunnel Suite 485, Samanthafort, GU 06958",001-280-374-1981,48721,cHMAV8JB
Kimberly,Taylor,Dentist,Sales,branchgabriela@example.org,"3972 Cameron Throughway, Julieton, ND 52513",001-363-822-4261x0060,35727,YKpN5Xmy
Tiffany,Woodward,"Scientist, marine",Finance,kathleenbowers@example.org,"0938 Price Common, East Justin, ME 12308",521-645-1543x67798,68872,cMeaKEm8
Daniel,Coffey,Company secretary,Finance,srobbins@example.org,"686 Ali Estate Suite 950, East Jessica, CT 17260",9763844591,115629,RO0A5amf
Michael,Peterson,Systems analyst,Sales,qwilcox@example.net,"051 Acosta Viaduct Suite 662, Cookton, VI 60247",(534)747-9384x327,90435,maFfde39
Erica,Bennett,"Engineer, materials",Marketing,joshua80@example.net,"114 Hawkins Falls Apt. 518, South Tiffany, OK 98629",001-614-761-5268x212,74678,oIL0iZS4
Joshua,Snyder,Location manager,Marketing,andrea69@example.com,"220 Clayton Mission Apt. 168, East Cynthiaborough, DE 73697",001-809-313-6978x01967,100020,UBv9mmPs
Matthew,Cook,Intelligence analyst,Engineering,geraldboyd@example.net,"748 Jeff Plain Suite 146, Port Samanthaberg, PA 85975",001-836-755-2499x4435,45009,esbBSoBW
Anthony,Powell,Bookseller,Sales,kaylee87@example.net,"89126 Rachel Tunnel, Marcialand, KY 34510",918.281.4228x012,37264,gcdo3VZw
Debbie,Anderson,"Embryologist, clinical",Marketing,keithterrell@example.org,"08398 Allen Plaza Suite 295, Charlesfort, GA 87885",(590)936-3401,106431,qHySaN6Q
David,Baker,Petroleum engineer,Engineering,lori13@example.org,"94337 Blake Knolls Apt. 499, Smithhaven, DC 97076",477.708.1159x656,70082,UYPMmNJu
Molly,Schmidt,English as a second language teacher,Customer Support,dawnpennington@example.org,"21266 Gregory Mount Apt. 624, East Patricia, NV 40879",429-524-6365,69382,uIkPxjtO
Robin,Fisher,"Scientist, forensic",Finance,erin07@example.org,"Unit 4943 Box 5845, DPO AP 23988",984.392.6700,49651,C4rTtFsd
Kenneth,Martinez,"Editor, film/video",Engineering,kristopher89@example.net,"936 John Via, Hendrixmouth, ME 46923",878-722-0401,106921,DmRf0kWt
William,Schroeder,Medical sales representative,IT,fieldssusan@example.org,"3020 Kelsey Haven, North Robertview, ME 74005",(493)407-6131,76459,E6kjHPNL
Tammy,Dunn,Museum/gallery curator,Human Resources,tfrancis@example.com,"5495 Vazquez Pines, New Megan, GA 07600",313-534-2281x37040,94102,kWDxmm4b
John,Sparks,Software engineer,Human Resources,michaelwagner@example.net,"67973 Maurice Brooks Suite 428, Reedbury, PR 23234",(764)415-3978,88082,cjZVMha4
Veronica,Davies,Comptroller,Customer Support,okelley@example.net,"98481 Scott Land Suite 044, West Brianfort, TN 68930",415-584-2100x348,84144,1mnXv2Cs
Holly,Henderson,"Geologist, wellsite",Marketing,samuelclark@example.org,"9975 Megan Shore Apt. 668, Merrittstad, SD 60677",810-339-8729,46576,RfpLX03Q
Timothy,Hart,"Scientist, biomedical",Engineering,markmorgan@example.com,"USCGC Haynes, FPO AE 19563",377-974-9657,100789,mDNF0duS
Bryan,Moreno,Trade union research officer,Customer Support,dwalker@example.org,"Unit 1349 Box 2022, DPO AA 88938",(584)232-7497x5790,68959,pN6Y8gEP
Lance,Moore,"Solicitor, Scotland",Engineering,thompsonlinda@example.com,"4335 Michael Mission, Baldwinside, CO 44030",884.263.1279,44315,mcO4KG9U
Bailey,Garcia,Drilling engineer,Sales,palmermelissa@example.com,"2945 Crystal Ferry Suite 636, East Coreychester, CT 22636",(945)326-4527,107155,OsaUxueR
